aaaaaaaaaaaaaaaaaaaa,asdf@a.saf,9184bb31d87893c861559c2a2fa709c2fd5b5849
aaaaaaaaaaaaaaaaaaaa,asdf@a.saf,9184bb31d87893c861559c2a2fa709c2fd5b5849
aaaaaaaaaaaaaaaaaaaa,asdf@a.saf,9184bb31d87893c861559c2a2fa709c2fd5b5849
aaaaaaaaaaaaaaaaaaaa,asdf@a.saf,9184bb31d87893c861559c2a2fa709c2fd5b5849
aaaaaaaaaaaaaaaaaaaa,asdf@a.saf,9184bb31d87893c861559c2a2fa709c2fd5b5849
asdfasdf,a@a.com,0ee6c3f4cb73b380ed058445a7530bcd85a4fd05
asdfasdf,a@a.com,0ee6c3f4cb73b380ed058445a7530bcd85a4fd05
digimon,digimon@digi.com,8412d8e8d77db43fa9e79bbcb2d2b44569863655
"0x Digimon",digimon@digi.com,9184bb31d87893c861559c2a2fa709c2fd5b5849
"0x Digimon",digimon@digi.com,9184bb31d87893c861559c2a2fa709c2fd5b5849
"0x Digimon",digimon@digi.com,9184bb31d87893c861559c2a2fa709c2fd5b5849
"0x Digimon",digimon@digi.com,0ee6c3f4cb73b380ed058445a7530bcd85a4fd05
digimon,digimmon@digi.com,8412d8e8d77db43fa9e79bbcb2d2b44569863655
abdoo,abdoo@gm.com,9574335778d0dd194f0859494cc17f7884a90bb8
